source_id	derivative_id	subject_id	session_id	output_num	output_size	nifti_num	nifti_size	html_num
ds004146	MRIQC-23.0.1	sub-0001	ses-01	3	0	0	0	0
ds004146	MRIQC-23.0.1	sub-0001	ses-02	4	0	0	0	0
ds004146	MRIQC-23.0.1	sub-0002	ses-01	3	0	0	0	0
ds004146	MRIQC-23.0.1	sub-0003	ses-01	3	0	0	0	0
ds004146	MRIQC-23.0.1	sub-0003	ses-02	5	0	0	0	0
ds004146	MRIQC-23.0.1	sub-0004	ses-01	2	0	0	0	0
ds004146	MRIQC-23.0.1	sub-0004	ses-02	5	0	0	0	0
ds004146	MRIQC-23.0.1	sub-0005	ses-01	3	0	0	0	0
ds004146	MRIQC-23.0.1	sub-0005	ses-02	5	0	0	0	0
ds004146	MRIQC-23.0.1	sub-0006	ses-01	1	0	0	0	0
ds004146	MRIQC-23.0.1	sub-0006	ses-02	5	0	0	0	0
ds004146	MRIQC-23.0.1	sub-0007	ses-01	3	0	0	0	0
ds004146	MRIQC-23.0.1	sub-0007	ses-02	3	0	0	0	0
ds004146	MRIQC-23.0.1	sub-0008	ses-01	3	0	0	0	0
ds004146	MRIQC-23.0.1	sub-0009	ses-01	3	0	0	0	0
ds004146	MRIQC-23.0.1	sub-0010	ses-01	3	0	0	0	0
ds004146	MRIQC-23.0.1	sub-0010	ses-02	5	0	0	0	0
ds004146	MRIQC-23.0.1	sub-0011	ses-01	3	0	0	0	0
ds004146	MRIQC-23.0.1	sub-0012	ses-01	3	0	0	0	0
ds004146	MRIQC-23.0.1	sub-0013	ses-01	3	0	0	0	0
ds004146	MRIQC-23.0.1	sub-0013	ses-02	5	0	0	0	0
ds004146	MRIQC-23.0.1	sub-0014	ses-01	3	0	0	0	0
ds004146	MRIQC-23.0.1	sub-0014	ses-02	2	0	0	0	0
ds004146	MRIQC-23.0.1	sub-0015	ses-01	3	0	0	0	0
ds004146	MRIQC-23.0.1	sub-0015	ses-02	5	0	0	0	0
ds004146	MRIQC-23.0.1	sub-0016	ses-01	3	0	0	0	0
ds004146	MRIQC-23.0.1	sub-0016	ses-02	5	0	0	0	0
ds004146	MRIQC-23.0.1	sub-0017	ses-01	3	0	0	0	0
ds004146	MRIQC-23.0.1	sub-0017	ses-02	5	0	0	0	0
ds004146	MRIQC-23.0.1	sub-0018	ses-01	3	0	0	0	0
ds004146	MRIQC-23.0.1	sub-0018	ses-02	5	0	0	0	0
ds004146	MRIQC-23.0.1	sub-0019	ses-01	3	0	0	0	0
ds004146	MRIQC-23.0.1	sub-0019	ses-02	5	0	0	0	0
ds004146	MRIQC-23.0.1	sub-0020	ses-01	3	0	0	0	0
ds004146	MRIQC-23.0.1	sub-0020	ses-02	5	0	0	0	0
ds004146	MRIQC-23.0.1	sub-0021	ses-01	3	0	0	0	0
ds004146	MRIQC-23.0.1	sub-0021	ses-02	5	0	0	0	0
ds004146	MRIQC-23.0.1	sub-0022	ses-01	3	0	0	0	0
ds004146	MRIQC-23.0.1	sub-0022	ses-02	5	0	0	0	0
ds004146	MRIQC-23.0.1	sub-0023	ses-01	3	0	0	0	0
ds004146	MRIQC-23.0.1	sub-0024	ses-01	3	0	0	0	0
ds004146	MRIQC-23.0.1	sub-0024	ses-02	5	0	0	0	0
ds004146	MRIQC-23.0.1	sub-0025	ses-01	3	0	0	0	0
ds004146	MRIQC-23.0.1	sub-0025	ses-02	5	0	0	0	0
ds004146	MRIQC-23.0.1	sub-0026	ses-01	3	0	0	0	0
ds004146	MRIQC-23.0.1	sub-0027	ses-01	3	0	0	0	0
ds004146	MRIQC-23.0.1	sub-0028	ses-01	3	0	0	0	0
ds004146	MRIQC-23.0.1	sub-0028	ses-02	5	0	0	0	0
ds004146	MRIQC-23.0.1	sub-0029	ses-01	3	0	0	0	0
ds004146	MRIQC-23.0.1	sub-0029	ses-02	4	0	0	0	0
ds004146	MRIQC-23.0.1	sub-0030	ses-01	3	0	0	0	0
ds004146	MRIQC-23.0.1	sub-0030	ses-02	5	0	0	0	0
ds004146	MRIQC-23.0.1	sub-0031	ses-01	3	0	0	0	0
ds004146	MRIQC-23.0.1	sub-0031	ses-02	5	0	0	0	0
ds004146	MRIQC-23.0.1	sub-0032	ses-01	3	0	0	0	0
ds004146	MRIQC-23.0.1	sub-0032	ses-02	5	0	0	0	0
ds004146	MRIQC-23.0.1	sub-0033	ses-01	3	0	0	0	0
ds004146	MRIQC-23.0.1	sub-0034	ses-01	3	0	0	0	0
ds004146	MRIQC-23.0.1	sub-0034	ses-02	5	0	0	0	0
ds004146	MRIQC-23.0.1	sub-0035	ses-01	3	0	0	0	0
ds004146	MRIQC-23.0.1	sub-0035	ses-02	5	0	0	0	0
ds004146	MRIQC-23.0.1	sub-0036	ses-01	3	0	0	0	0
ds004146	MRIQC-23.0.1	sub-0036	ses-02	5	0	0	0	0
ds004146	MRIQC-23.0.1	sub-0037	ses-01	3	0	0	0	0
ds004146	MRIQC-23.0.1	sub-0037	ses-02	5	0	0	0	0
ds004146	MRIQC-23.0.1	sub-0038	ses-01	3	0	0	0	0
ds004146	MRIQC-23.0.1	sub-0038	ses-02	5	0	0	0	0
ds004146	MRIQC-23.0.1	sub-0039	ses-01	3	0	0	0	0
ds004146	MRIQC-23.0.1	sub-0040	ses-01	3	0	0	0	0
ds004146	MRIQC-23.0.1	sub-0041	ses-01	3	0	0	0	0
ds004146	MRIQC-23.0.1	sub-0041	ses-02	4	0	0	0	0
ds004146	MRIQC-23.0.1	sub-0042	ses-01	3	0	0	0	0
ds004146	MRIQC-23.0.1	sub-0042	ses-02	5	0	0	0	0
ds004146	MRIQC-23.0.1	sub-0043	ses-01	3	0	0	0	0
ds004146	MRIQC-23.0.1	sub-0043	ses-02	5	0	0	0	0
ds004146	MRIQC-23.0.1	sub-0044	ses-01	3	0	0	0	0
ds004146	MRIQC-23.0.1	sub-0044	ses-02	5	0	0	0	0
ds004146	MRIQC-23.0.1	sub-0045	ses-01	3	0	0	0	0
ds004146	MRIQC-23.0.1	sub-0045	ses-02	5	0	0	0	0
ds004146	MRIQC-23.0.1	sub-0046	ses-01	3	0	0	0	0
ds004146	MRIQC-23.0.1	sub-0047	ses-01	3	0	0	0	0
ds004146	MRIQC-23.0.1	sub-0047	ses-02	5	0	0	0	0
ds004146	MRIQC-23.0.1	sub-0048	ses-01	3	0	0	0	0
ds004146	MRIQC-23.0.1	sub-0048	ses-02	4	0	0	0	0
ds004146	MRIQC-23.0.1	sub-0049	ses-01	3	0	0	0	0
ds004146	MRIQC-23.0.1	sub-0049	ses-02	4	0	0	0	0
ds004146	MRIQC-23.0.1	sub-0050	ses-01	3	0	0	0	0
ds004146	MRIQC-23.0.1	sub-0050	ses-02	5	0	0	0	0
ds004146	MRIQC-23.0.1	sub-0051	ses-01	3	0	0	0	0
ds004146	MRIQC-23.0.1	sub-0051	ses-02	4	0	0	0	0
ds004146	MRIQC-23.0.1	sub-0052	ses-01	3	0	0	0	0
ds004146	MRIQC-23.0.1	sub-0053	ses-01	3	0	0	0	0
ds004146	MRIQC-23.0.1	sub-0053	ses-02	5	0	0	0	0
ds004146	MRIQC-23.0.1	sub-0054	ses-01	3	0	0	0	0
ds004146	MRIQC-23.0.1	sub-0054	ses-02	4	0	0	0	0
ds004146	MRIQC-23.0.1	sub-0055	ses-01	3	0	0	0	0
ds004146	MRIQC-23.0.1	sub-0055	ses-02	5	0	0	0	0
ds004146	MRIQC-23.0.1	sub-0056	ses-01	3	0	0	0	0
ds004146	MRIQC-23.0.1	sub-0057	ses-01	3	0	0	0	0
ds004146	MRIQC-23.0.1	sub-0057	ses-02	5	0	0	0	0
ds004146	MRIQC-23.0.1	sub-0058	ses-01	3	0	0	0	0
ds004146	MRIQC-23.0.1	sub-0058	ses-02	5	0	0	0	0
ds004146	MRIQC-23.0.1	sub-0059	ses-01	3	0	0	0	0
ds004146	MRIQC-23.0.1	sub-0059	ses-02	5	0	0	0	0
ds004146	MRIQC-23.0.1	sub-0060	ses-01	3	0	0	0	0
ds004146	MRIQC-23.0.1	sub-0060	ses-02	5	0	0	0	0
ds004146	MRIQC-23.0.1	sub-0061	ses-01	3	0	0	0	0
ds004146	MRIQC-23.0.1	sub-0061	ses-02	5	0	0	0	0
ds004146	MRIQC-23.0.1	sub-0062	ses-01	3	0	0	0	0
ds004146	MRIQC-23.0.1	sub-0063	ses-01	3	0	0	0	0
ds004146	MRIQC-23.0.1	sub-0063	ses-02	5	0	0	0	0
ds004146	MRIQC-23.0.1	sub-0064	ses-01	3	0	0	0	0
ds004146	MRIQC-23.0.1	sub-0064	ses-02	5	0	0	0	0
ds004146	MRIQC-23.0.1	sub-0065	ses-01	3	0	0	0	0
ds004146	MRIQC-23.0.1	sub-0066	ses-01	3	0	0	0	0
ds004146	MRIQC-23.0.1	sub-0067	ses-01	3	0	0	0	0
ds004146	MRIQC-23.0.1	sub-0067	ses-02	5	0	0	0	0
ds004146	MRIQC-23.0.1	sub-0068	ses-01	3	0	0	0	0
ds004146	MRIQC-23.0.1	sub-0068	ses-02	5	0	0	0	0
ds004146	MRIQC-23.0.1	sub-0069	ses-01	3	0	0	0	0
ds004146	MRIQC-23.0.1	sub-0070	ses-01	3	0	0	0	0
ds004146	MRIQC-23.0.1	sub-0070	ses-02	5	0	0	0	0
ds004146	MRIQC-23.0.1	sub-0071	ses-01	3	0	0	0	0
ds004146	MRIQC-23.0.1	sub-0072	ses-01	3	0	0	0	0
ds004146	MRIQC-23.0.1	sub-0072	ses-02	5	0	0	0	0
ds004146	MRIQC-23.0.1	sub-0073	ses-01	3	0	0	0	0
ds004146	MRIQC-23.0.1	sub-0073	ses-02	5	0	0	0	0
ds004146	MRIQC-23.0.1	sub-0074	ses-01	3	0	0	0	0
ds004146	MRIQC-23.0.1	sub-0074	ses-02	5	0	0	0	0
ds004146	MRIQC-23.0.1	sub-0075	ses-01	3	0	0	0	0
ds004146	MRIQC-23.0.1	sub-0075	ses-02	5	0	0	0	0
ds004146	MRIQC-23.0.1	sub-0076	ses-01	3	0	0	0	0
ds004146	MRIQC-23.0.1	sub-0076	ses-02	5	0	0	0	0
ds004146	MRIQC-23.0.1	sub-0077	ses-01	2	0	0	0	0
ds004146	MRIQC-23.0.1	sub-0078	ses-01	3	0	0	0	0
ds004146	MRIQC-23.0.1	sub-0078	ses-02	4	0	0	0	0
ds004146	MRIQC-23.0.1	sub-0079	ses-01	3	0	0	0	0
ds004146	MRIQC-23.0.1	sub-0079	ses-02	5	0	0	0	0
ds004146	MRIQC-23.0.1	sub-0080	ses-01	3	0	0	0	0
ds004146	MRIQC-23.0.1	sub-0080	ses-02	5	0	0	0	0
ds004146	MRIQC-23.0.1	sub-0081	ses-01	3	0	0	0	0
ds004146	MRIQC-23.0.1	sub-0081	ses-02	5	0	0	0	0
ds004146	MRIQC-23.0.1	sub-0082	ses-01	3	0	0	0	0
ds004146	MRIQC-23.0.1	sub-0083	ses-01	3	0	0	0	0
ds004146	MRIQC-23.0.1	sub-0084	ses-01	3	0	0	0	0
ds004146	MRIQC-23.0.1	sub-0084	ses-02	5	0	0	0	0
ds004146	MRIQC-23.0.1	sub-0085	ses-01	3	0	0	0	0
ds004146	MRIQC-23.0.1	sub-0085	ses-02	5	0	0	0	0
ds004146	MRIQC-23.0.1	sub-0086	ses-01	3	0	0	0	0
ds004146	MRIQC-23.0.1	sub-0086	ses-02	5	0	0	0	0
ds004146	MRIQC-23.0.1	sub-0087	ses-01	3	0	0	0	0
ds004146	MRIQC-23.0.1	sub-0088	ses-01	3	0	0	0	0
ds004146	MRIQC-23.0.1	sub-0088	ses-02	4	0	0	0	0
ds004146	MRIQC-23.0.1	sub-0089	ses-01	3	0	0	0	0
ds004146	MRIQC-23.0.1	sub-0089	ses-02	5	0	0	0	0
ds004146	MRIQC-23.0.1	sub-0090	ses-01	3	0	0	0	0
ds004146	MRIQC-23.0.1	sub-0090	ses-02	3	0	0	0	0
ds004146	MRIQC-23.0.1	sub-0091	ses-01	3	0	0	0	0
ds004146	MRIQC-23.0.1	sub-0091	ses-02	5	0	0	0	0
ds004146	MRIQC-23.0.1	sub-0092	ses-01	3	0	0	0	0
ds004146	MRIQC-23.0.1	sub-0092	ses-02	5	0	0	0	0
ds004146	MRIQC-23.0.1	sub-0093	ses-01	3	0	0	0	0
ds004146	MRIQC-23.0.1	sub-0093	ses-02	5	0	0	0	0
ds004146	MRIQC-23.0.1	sub-0094	ses-01	3	0	0	0	0
ds004146	MRIQC-23.0.1	sub-0095	ses-01	3	0	0	0	0
ds004146	MRIQC-23.0.1	sub-0095	ses-02	5	0	0	0	0
ds004146	MRIQC-23.0.1	sub-0096	ses-01	3	0	0	0	0
ds004146	MRIQC-23.0.1	sub-0097	ses-01	3	0	0	0	0
ds004146	MRIQC-23.0.1	sub-0098	ses-01	3	0	0	0	0
ds004146	MRIQC-23.0.1	sub-0098	ses-02	5	0	0	0	0
ds004146	MRIQC-23.0.1	sub-0099	ses-01	3	0	0	0	0
ds004146	MRIQC-23.0.1	sub-0100	ses-01	3	0	0	0	0
ds004146	MRIQC-23.0.1	sub-0100	ses-02	5	0	0	0	0
ds004146	MRIQC-23.0.1	sub-0101	ses-01	3	0	0	0	0
ds004146	MRIQC-23.0.1	sub-0101	ses-02	5	0	0	0	0
ds004146	MRIQC-23.0.1	sub-0102	ses-01	3	0	0	0	0
ds004146	MRIQC-23.0.1	sub-0102	ses-02	5	0	0	0	0
ds004146	MRIQC-23.0.1	sub-0103	ses-01	3	0	0	0	0
ds004146	MRIQC-23.0.1	sub-0104	ses-01	3	0	0	0	0
ds004146	MRIQC-23.0.1	sub-0105	ses-01	3	0	0	0	0
ds004146	MRIQC-23.0.1	sub-0105	ses-02	5	0	0	0	0
ds004146	MRIQC-23.0.1	sub-0106	ses-01	3	0	0	0	0
ds004146	MRIQC-23.0.1	sub-0106	ses-02	5	0	0	0	0
ds004146	MRIQC-23.0.1	sub-0107	ses-01	3	0	0	0	0
ds004146	MRIQC-23.0.1	sub-0108	ses-01	3	0	0	0	0
ds004146	MRIQC-23.0.1	sub-0108	ses-02	2	0	0	0	0
ds004146	MRIQC-23.0.1	sub-0109	ses-01	3	0	0	0	0
ds004146	MRIQC-23.0.1	sub-0109	ses-02	5	0	0	0	0
ds004146	MRIQC-23.0.1	sub-0110	ses-01	3	0	0	0	0
ds004146	MRIQC-23.0.1	sub-0110	ses-02	5	0	0	0	0
ds004146	MRIQC-23.0.1	sub-0111	ses-01	3	0	0	0	0
ds004146	MRIQC-23.0.1	sub-0111	ses-02	5	0	0	0	0
ds004146	MRIQC-23.0.1	sub-0112	ses-01	2	0	0	0	0
ds004146	MRIQC-23.0.1	sub-0112	ses-02	5	0	0	0	0
ds004146	MRIQC-23.0.1	sub-0113	ses-01	3	0	0	0	0
ds004146	MRIQC-23.0.1	sub-0113	ses-02	5	0	0	0	0
ds004146	MRIQC-23.0.1	sub-0114	ses-01	3	0	0	0	0
ds004146	MRIQC-23.0.1	sub-0114	ses-02	5	0	0	0	0
ds004146	MRIQC-23.0.1	sub-0115	ses-01	3	0	0	0	0
ds004146	MRIQC-23.0.1	sub-0115	ses-02	5	0	0	0	0
ds004146	MRIQC-23.0.1	sub-0116	ses-01	3	0	0	0	0
ds004146	MRIQC-23.0.1	sub-0117	ses-01	3	0	0	0	0
ds004146	MRIQC-23.0.1	sub-0117	ses-02	5	0	0	0	0
ds004146	MRIQC-23.0.1	sub-0118	ses-01	3	0	0	0	0
ds004146	MRIQC-23.0.1	sub-0118	ses-02	5	0	0	0	0
ds004146	MRIQC-23.0.1	sub-0119	ses-01	3	0	0	0	0
ds004146	MRIQC-23.0.1	sub-0119	ses-02	5	0	0	0	0
ds004146	MRIQC-23.0.1	sub-0120	ses-01	3	0	0	0	0
ds004146	MRIQC-23.0.1	sub-0120	ses-02	5	0	0	0	0
ds004146	MRIQC-23.0.1	sub-0121	ses-01	2	0	0	0	0
ds004146	MRIQC-23.0.1	sub-0122	ses-01	3	0	0	0	0
ds004146	MRIQC-23.0.1	sub-0122	ses-02	4	0	0	0	0
ds004146	MRIQC-23.0.1	sub-0123	ses-01	1	0	0	0	0
ds004146	MRIQC-23.0.1	sub-0123	ses-02	5	0	0	0	0
ds004146	MRIQC-23.0.1	sub-0124	ses-01	3	0	0	0	0
ds004146	MRIQC-23.0.1	sub-0124	ses-02	5	0	0	0	0
ds004146	MRIQC-23.0.1	sub-0125	ses-01	3	0	0	0	0
ds004146	MRIQC-23.0.1	sub-0125	ses-02	5	0	0	0	0
ds004146	MRIQC-23.0.1	sub-0126	ses-01	3	0	0	0	0
ds004146	MRIQC-23.0.1	sub-0126	ses-02	5	0	0	0	0
ds004146	MRIQC-23.0.1	sub-0127	ses-01	3	0	0	0	0
ds004146	MRIQC-23.0.1	sub-0127	ses-02	5	0	0	0	0
ds004146	MRIQC-23.0.1	sub-0128	ses-01	3	0	0	0	0
ds004146	MRIQC-23.0.1	sub-0128	ses-02	5	0	0	0	0
ds004146	MRIQC-23.0.1	sub-0129	ses-01	3	0	0	0	0
ds004146	MRIQC-23.0.1	sub-0129	ses-02	5	0	0	0	0
ds004146	MRIQC-23.0.1	sub-0130	ses-01	3	0	0	0	0
ds004146	MRIQC-23.0.1	sub-0130	ses-02	5	0	0	0	0
ds004146	MRIQC-23.0.1	sub-0131	ses-01	3	0	0	0	0
ds004146	MRIQC-23.0.1	sub-0132	ses-01	3	0	0	0	0
ds004146	MRIQC-23.0.1	sub-0133	ses-01	3	0	0	0	0
ds004146	MRIQC-23.0.1	sub-0134	ses-01	2	0	0	0	0
ds004146	MRIQC-23.0.1	sub-0134	ses-02	5	0	0	0	0
ds004146	MRIQC-23.0.1	sub-0135	ses-01	3	0	0	0	0
ds004146	MRIQC-23.0.1	sub-0136	ses-01	3	0	0	0	0
ds004146	MRIQC-23.0.1	sub-0136	ses-02	5	0	0	0	0
ds004146	MRIQC-23.0.1	sub-0137	ses-01	3	0	0	0	0
ds004146	MRIQC-23.0.1	sub-0138	ses-01	3	0	0	0	0
ds004146	MRIQC-23.0.1	sub-0139	ses-01	3	0	0	0	0
ds004146	MRIQC-23.0.1	sub-0139	ses-02	5	0	0	0	0
ds004146	MRIQC-23.0.1	sub-0141	ses-01	3	0	0	0	0
ds004146	MRIQC-23.0.1	sub-0141	ses-02	5	0	0	0	0
ds004146	MRIQC-23.0.1	sub-0142	ses-01	3	0	0	0	0
ds004146	MRIQC-23.0.1	sub-0143	ses-01	3	0	0	0	0
ds004146	MRIQC-23.0.1	sub-0144	ses-01	3	0	0	0	0
ds004146	MRIQC-23.0.1	sub-0144	ses-02	5	0	0	0	0
ds004146	MRIQC-23.0.1	sub-0145	ses-01	3	0	0	0	0
ds004146	MRIQC-23.0.1	sub-0146	ses-01	3	0	0	0	0
ds004146	MRIQC-23.0.1	sub-0147	ses-01	3	0	0	0	0
ds004146	MRIQC-23.0.1	sub-0148	ses-01	3	0	0	0	0
ds004146	MRIQC-23.0.1	sub-0148	ses-02	4	0	0	0	0
ds004146	MRIQC-23.0.1	sub-0149	ses-01	3	0	0	0	0
ds004146	MRIQC-23.0.1	sub-0150	ses-01	3	0	0	0	0
ds004146	MRIQC-23.0.1	sub-0150	ses-02	4	0	0	0	0
ds004146	MRIQC-23.0.1	sub-0151	ses-01	3	0	0	0	0
ds004146	MRIQC-23.0.1	sub-0151	ses-02	5	0	0	0	0
ds004146	MRIQC-23.0.1	sub-0152	ses-01	3	0	0	0	0
ds004146	MRIQC-23.0.1	sub-0152	ses-02	5	0	0	0	0
ds004146	MRIQC-23.0.1	sub-0154	ses-01	3	0	0	0	0
ds004146	MRIQC-23.0.1	sub-0154	ses-02	4	0	0	0	0
ds004146	MRIQC-23.0.1	sub-0155	ses-01	3	0	0	0	0
ds004146	MRIQC-23.0.1	sub-0155	ses-02	5	0	0	0	0
ds004146	MRIQC-23.0.1	sub-0156	ses-01	3	0	0	0	0
ds004146	MRIQC-23.0.1	sub-0156	ses-02	4	0	0	0	0
ds004146	MRIQC-23.0.1	sub-0157	ses-01	3	0	0	0	0
ds004146	MRIQC-23.0.1	sub-0157	ses-02	5	0	0	0	0
ds004146	MRIQC-23.0.1	sub-0158	ses-01	3	0	0	0	0
ds004146	MRIQC-23.0.1	sub-0158	ses-02	5	0	0	0	0
ds004146	MRIQC-23.0.1	sub-0159	ses-01	3	0	0	0	0
ds004146	MRIQC-23.0.1	sub-0159	ses-02	5	0	0	0	0
ds004146	MRIQC-23.0.1	sub-0160	ses-01	3	0	0	0	0
ds004146	MRIQC-23.0.1	sub-0160	ses-02	5	0	0	0	0
ds004146	MRIQC-23.0.1	sub-0161	ses-01	3	0	0	0	0
ds004146	MRIQC-23.0.1	sub-0161	ses-02	5	0	0	0	0
ds004146	MRIQC-23.0.1	sub-0162	ses-01	3	0	0	0	0
ds004146	MRIQC-23.0.1	sub-0162	ses-02	5	0	0	0	0
ds004146	MRIQC-23.0.1	sub-0163	ses-01	3	0	0	0	0
ds004146	MRIQC-23.0.1	sub-0163	ses-02	5	0	0	0	0
ds004146	MRIQC-23.0.1	sub-0164	ses-01	3	0	0	0	0
ds004146	MRIQC-23.0.1	sub-0164	ses-02	4	0	0	0	0
ds004146	MRIQC-23.0.1	sub-0165	ses-01	2	0	0	0	0
ds004146	MRIQC-23.0.1	sub-0165	ses-02	5	0	0	0	0
ds004146	MRIQC-23.0.1	sub-0166	ses-01	3	0	0	0	0
ds004146	MRIQC-23.0.1	sub-0166	ses-02	5	0	0	0	0
ds004146	MRIQC-23.0.1	sub-0167	ses-01	3	0	0	0	0
ds004146	MRIQC-23.0.1	sub-0167	ses-02	5	0	0	0	0
ds004146	MRIQC-23.0.1	sub-0168	ses-01	3	0	0	0	0
ds004146	MRIQC-23.0.1	sub-0168	ses-02	5	0	0	0	0
ds004146	MRIQC-23.0.1	sub-0169	ses-01	3	0	0	0	0
ds004146	MRIQC-23.0.1	sub-0170	ses-01	3	0	0	0	0
ds004146	MRIQC-23.0.1	sub-0170	ses-02	5	0	0	0	0
ds004146	MRIQC-23.0.1	sub-0171	ses-01	3	0	0	0	0
ds004146	MRIQC-23.0.1	sub-0171	ses-02	5	0	0	0	0
ds004146	MRIQC-23.0.1	sub-0172	ses-01	3	0	0	0	0
ds004146	MRIQC-23.0.1	sub-0172	ses-02	5	0	0	0	0
ds004146	MRIQC-23.0.1	sub-0173	ses-01	3	0	0	0	0
ds004146	MRIQC-23.0.1	sub-0173	ses-02	5	0	0	0	0
ds004146	MRIQC-23.0.1	sub-0174	ses-01	3	0	0	0	0
ds004146	MRIQC-23.0.1	sub-0174	ses-02	5	0	0	0	0
ds004146	MRIQC-23.0.1	sub-0175	ses-01	3	0	0	0	0
ds004146	MRIQC-23.0.1	sub-0175	ses-02	5	0	0	0	0
ds004146	MRIQC-23.0.1	sub-0176	ses-01	3	0	0	0	0
ds004146	MRIQC-23.0.1	sub-0177	ses-01	3	0	0	0	0
ds004146	MRIQC-23.0.1	sub-0178	ses-01	3	0	0	0	0
ds004146	MRIQC-23.0.1	sub-0178	ses-02	5	0	0	0	0
ds004146	MRIQC-23.0.1	sub-0179	ses-01	1	0	0	0	0
ds004146	MRIQC-23.0.1	sub-0180	ses-01	3	0	0	0	0
ds004146	MRIQC-23.0.1	sub-0181	ses-01	3	0	0	0	0
ds004146	MRIQC-23.0.1	sub-0181	ses-02	5	0	0	0	0
ds004146	MRIQC-23.0.1	sub-0182	ses-01	2	0	0	0	0
ds004146	MRIQC-23.0.1	sub-0182	ses-02	5	0	0	0	0
ds004146	MRIQC-23.0.1	sub-0183	ses-01	3	0	0	0	0
ds004146	MRIQC-23.0.1	sub-0183	ses-02	5	0	0	0	0
ds004146	MRIQC-23.0.1	sub-0184	ses-01	3	0	0	0	0
ds004146	MRIQC-23.0.1	sub-0184	ses-02	5	0	0	0	0
ds004146	MRIQC-23.0.1	sub-0185	ses-01	3	0	0	0	0
ds004146	MRIQC-23.0.1	sub-0185	ses-02	5	0	0	0	0
ds004146	MRIQC-23.0.1	sub-0186	ses-01	3	0	0	0	0
ds004146	MRIQC-23.0.1	sub-0186	ses-02	5	0	0	0	0
ds004146	MRIQC-23.0.1	sub-0187	ses-01	3	0	0	0	0
ds004146	MRIQC-23.0.1	sub-0187	ses-02	5	0	0	0	0
ds004146	MRIQC-23.0.1	sub-0188	ses-01	3	0	0	0	0
ds004146	MRIQC-23.0.1	sub-0188	ses-02	5	0	0	0	0
ds004146	MRIQC-23.0.1	sub-0189	ses-01	3	0	0	0	0
ds004146	MRIQC-23.0.1	sub-0189	ses-02	5	0	0	0	0
ds004146	MRIQC-23.0.1	sub-0190	ses-01	2	0	0	0	0
ds004146	MRIQC-23.0.1	sub-0190	ses-02	5	0	0	0	0
ds004146	MRIQC-23.0.1	sub-0191	ses-01	3	0	0	0	0
ds004146	MRIQC-23.0.1	sub-0192	ses-01	3	0	0	0	0
ds004146	MRIQC-23.0.1	sub-0193	ses-01	3	0	0	0	0
ds004146	MRIQC-23.0.1	sub-0193	ses-02	5	0	0	0	0
ds004146	MRIQC-23.0.1	sub-0194	ses-01	3	0	0	0	0
ds004146	MRIQC-23.0.1	sub-0194	ses-02	5	0	0	0	0
ds004146	MRIQC-23.0.1	sub-0195	ses-01	3	0	0	0	0
ds004146	MRIQC-23.0.1	sub-0195	ses-02	4	0	0	0	0
ds004146	MRIQC-23.0.1	sub-0196	ses-01	3	0	0	0	0
ds004146	MRIQC-23.0.1	sub-0197	ses-01	3	0	0	0	0
ds004146	MRIQC-23.0.1	sub-0197	ses-02	5	0	0	0	0
ds004146	MRIQC-23.0.1	sub-0198	ses-01	3	0	0	0	0
ds004146	MRIQC-23.0.1	sub-0198	ses-02	5	0	0	0	0
ds004146	MRIQC-23.0.1	sub-0199	ses-01	3	0	0	0	0
ds004146	MRIQC-23.0.1	sub-0199	ses-02	5	0	0	0	0
ds004146	MRIQC-23.0.1	sub-0200	ses-01	3	0	0	0	0
ds004146	MRIQC-23.0.1	sub-0200	ses-02	5	0	0	0	0
ds004146	MRIQC-23.0.1	sub-0201	ses-01	3	0	0	0	0
ds004146	MRIQC-23.0.1	sub-0202	ses-01	2	0	0	0	0
ds004146	MRIQC-23.0.1	sub-0202	ses-02	5	0	0	0	0
ds004146	MRIQC-23.0.1	sub-0203	ses-01	3	0	0	0	0
ds004146	MRIQC-23.0.1	sub-0203	ses-02	5	0	0	0	0
ds004146	MRIQC-23.0.1	sub-0204	ses-01	3	0	0	0	0
ds004146	MRIQC-23.0.1	sub-0205	ses-01	3	0	0	0	0
ds004146	MRIQC-23.0.1	sub-0205	ses-02	5	0	0	0	0
ds004146	MRIQC-23.0.1	sub-0206	ses-01	3	0	0	0	0
ds004146	MRIQC-23.0.1	sub-0207	ses-01	3	0	0	0	0
ds004146	MRIQC-23.0.1	sub-0207	ses-02	5	0	0	0	0
ds004146	MRIQC-23.0.1	sub-0208	ses-01	3	0	0	0	0
ds004146	MRIQC-23.0.1	sub-0208	ses-02	5	0	0	0	0
ds004146	MRIQC-23.0.1	sub-0209	ses-01	2	0	0	0	0
ds004146	MRIQC-23.0.1	sub-0209	ses-02	5	0	0	0	0
ds004146	MRIQC-23.0.1	sub-0210	ses-01	3	0	0	0	0
ds004146	MRIQC-23.0.1	sub-0211	ses-01	3	0	0	0	0
ds004146	MRIQC-23.0.1	sub-0211	ses-02	5	0	0	0	0
ds004146	MRIQC-23.0.1	sub-0212	ses-01	3	0	0	0	0
ds004146	MRIQC-23.0.1	sub-0213	ses-01	3	0	0	0	0
ds004146	MRIQC-23.0.1	sub-0213	ses-02	5	0	0	0	0
ds004146	MRIQC-23.0.1	sub-0214	ses-01	3	0	0	0	0
ds004146	MRIQC-23.0.1	sub-0214	ses-02	5	0	0	0	0
ds004146	MRIQC-23.0.1	sub-0215	ses-01	3	0	0	0	0
ds004146	MRIQC-23.0.1	sub-0215	ses-02	5	0	0	0	0
ds004146	MRIQC-23.0.1	sub-0216	ses-01	3	0	0	0	0
ds004146	MRIQC-23.0.1	sub-0217	ses-01	3	0	0	0	0
ds004146	MRIQC-23.0.1	sub-0218	ses-01	3	0	0	0	0
ds004146	MRIQC-23.0.1	sub-0219	ses-01	3	0	0	0	0
ds004146	MRIQC-23.0.1	sub-0219	ses-02	5	0	0	0	0
ds004146	MRIQC-23.0.1	sub-0220	ses-01	3	0	0	0	0
ds004146	MRIQC-23.0.1	sub-0221	ses-01	3	0	0	0	0
ds004146	MRIQC-23.0.1	sub-0222	ses-01	3	0	0	0	0
ds004146	MRIQC-23.0.1	sub-0222	ses-02	3	0	0	0	0
ds004146	MRIQC-23.0.1	sub-0223	ses-01	3	0	0	0	0
ds004146	MRIQC-23.0.1	sub-0223	ses-02	5	0	0	0	0
ds004146	MRIQC-23.0.1	sub-0224	ses-01	3	0	0	0	0
ds004146	MRIQC-23.0.1	sub-0225	ses-01	3	0	0	0	0
ds004146	MRIQC-23.0.1	sub-0226	ses-01	3	0	0	0	0
ds004146	MRIQC-23.0.1	sub-0226	ses-02	4	0	0	0	0
ds004146	MRIQC-23.0.1	sub-0227	ses-01	3	0	0	0	0
ds004146	MRIQC-23.0.1	sub-0227	ses-02	5	0	0	0	0
ds004146	MRIQC-23.0.1	sub-0228	ses-01	3	0	0	0	0
ds004146	MRIQC-23.0.1	sub-0229	ses-01	2	0	0	0	0
ds004146	MRIQC-23.0.1	sub-0229	ses-02	5	0	0	0	0
ds004146	MRIQC-23.0.1	sub-0230	ses-01	3	0	0	0	0
ds004146	MRIQC-23.0.1	sub-0231	ses-01	2	0	0	0	0
ds004146	MRIQC-23.0.1	sub-0231	ses-02	5	0	0	0	0
ds004146	MRIQC-23.0.1	sub-0232	ses-01	3	0	0	0	0
ds004146	MRIQC-23.0.1	sub-0232	ses-02	5	0	0	0	0
ds004146	MRIQC-23.0.1	sub-0233	ses-01	3	0	0	0	0
ds004146	MRIQC-23.0.1	sub-0233	ses-02	5	0	0	0	0
ds004146	MRIQC-23.0.1	sub-0234	ses-01	3	0	0	0	0
ds004146	MRIQC-23.0.1	sub-0234	ses-02	5	0	0	0	0
ds004146	MRIQC-23.0.1	sub-0235	ses-01	3	0	0	0	0
ds004146	MRIQC-23.0.1	sub-0235	ses-02	4	0	0	0	0
ds004146	MRIQC-23.0.1	sub-0236	ses-01	3	0	0	0	0
ds004146	MRIQC-23.0.1	sub-0236	ses-02	5	0	0	0	0
ds004146	MRIQC-23.0.1	sub-0237	ses-01	3	0	0	0	0
ds004146	MRIQC-23.0.1	sub-0237	ses-02	5	0	0	0	0
ds004146	MRIQC-23.0.1	sub-0238	ses-01	3	0	0	0	0
ds004146	MRIQC-23.0.1	sub-0238	ses-02	5	0	0	0	0
ds004146	MRIQC-23.0.1	sub-0239	ses-01	3	0	0	0	0
ds004146	MRIQC-23.0.1	sub-0239	ses-02	5	0	0	0	0
ds004146	MRIQC-23.0.1	sub-0240	ses-01	3	0	0	0	0
ds004146	MRIQC-23.0.1	sub-0240	ses-02	5	0	0	0	0
ds004146	MRIQC-23.0.1	sub-0241	ses-01	3	0	0	0	0
ds004146	MRIQC-23.0.1	sub-0241	ses-02	5	0	0	0	0
ds004146	MRIQC-23.0.1	sub-0242	ses-01	3	0	0	0	0
ds004146	MRIQC-23.0.1	sub-0242	ses-02	5	0	0	0	0
ds004146	MRIQC-23.0.1	sub-0243	ses-01	3	0	0	0	0
ds004146	MRIQC-23.0.1	sub-0243	ses-02	5	0	0	0	0
ds004146	MRIQC-23.0.1	sub-0245	ses-01	3	0	0	0	0
ds004146	MRIQC-23.0.1	sub-0246	ses-01	3	0	0	0	0
ds004146	MRIQC-23.0.1	sub-0246	ses-02	5	0	0	0	0
ds004146	MRIQC-23.0.1	sub-0247	ses-01	3	0	0	0	0
ds004146	MRIQC-23.0.1	sub-0247	ses-02	5	0	0	0	0
ds004146	MRIQC-23.0.1	sub-0248	ses-01	3	0	0	0	0
ds004146	MRIQC-23.0.1	sub-0249	ses-01	3	0	0	0	0
ds004146	MRIQC-23.0.1	sub-0249	ses-02	5	0	0	0	0
ds004146	MRIQC-23.0.1	sub-0250	ses-01	3	0	0	0	0
ds004146	MRIQC-23.0.1	sub-0250	ses-02	5	0	0	0	0
ds004146	MRIQC-23.0.1	sub-0251	ses-01	3	0	0	0	0
ds004146	MRIQC-23.0.1	sub-0253	ses-01	3	0	0	0	0
ds004146	MRIQC-23.0.1	sub-0253	ses-02	5	0	0	0	0
ds004146	MRIQC-23.0.1	sub-0254	ses-01	3	0	0	0	0
ds004146	MRIQC-23.0.1	sub-0255	ses-01	3	0	0	0	0
ds004146	MRIQC-23.0.1	sub-0255	ses-02	5	0	0	0	0
ds004146	MRIQC-23.0.1	sub-0256	ses-01	3	0	0	0	0
ds004146	MRIQC-23.0.1	sub-0256	ses-02	5	0	0	0	0
ds004146	MRIQC-23.0.1	sub-0257	ses-01	3	0	0	0	0
ds004146	MRIQC-23.0.1	sub-0257	ses-02	3	0	0	0	0
ds004146	MRIQC-23.0.1	sub-0258	ses-01	2	0	0	0	0
ds004146	MRIQC-23.0.1	sub-0259	ses-01	3	0	0	0	0
ds004146	MRIQC-23.0.1	sub-0259	ses-02	5	0	0	0	0
ds004146	MRIQC-23.0.1	sub-0260	ses-01	3	0	0	0	0
ds004146	MRIQC-23.0.1	sub-0261	ses-01	2	0	0	0	0
ds004146	MRIQC-23.0.1	sub-0261	ses-02	5	0	0	0	0
ds004146	MRIQC-23.0.1	sub-0263	ses-01	3	0	0	0	0
ds004146	MRIQC-23.0.1	sub-0263	ses-02	5	0	0	0	0
ds004146	MRIQC-23.0.1	sub-0264	ses-01	3	0	0	0	0
ds004146	MRIQC-23.0.1	sub-0265	ses-01	3	0	0	0	0
ds004146	MRIQC-23.0.1	sub-0266	ses-01	3	0	0	0	0
ds004146	MRIQC-23.0.1	sub-0266	ses-02	5	0	0	0	0
ds004146	MRIQC-23.0.1	sub-0267	ses-01	3	0	0	0	0
ds004146	MRIQC-23.0.1	sub-0268	ses-01	3	0	0	0	0
ds004146	MRIQC-23.0.1	sub-0268	ses-02	5	0	0	0	0
ds004146	MRIQC-23.0.1	sub-0269	ses-01	3	0	0	0	0
ds004146	MRIQC-23.0.1	sub-0269	ses-02	5	0	0	0	0
ds004146	MRIQC-23.0.1	sub-0270	ses-01	3	0	0	0	0
ds004146	MRIQC-23.0.1	sub-0270	ses-02	5	0	0	0	0
ds004146	MRIQC-23.0.1	sub-0271	ses-01	2	0	0	0	0
ds004146	MRIQC-23.0.1	sub-0271	ses-02	5	0	0	0	0
ds004146	MRIQC-23.0.1	sub-0272	ses-01	3	0	0	0	0
ds004146	MRIQC-23.0.1	sub-0272	ses-02	5	0	0	0	0
ds004146	MRIQC-23.0.1	sub-0273	ses-01	3	0	0	0	0
ds004146	MRIQC-23.0.1	sub-0273	ses-02	4	0	0	0	0
ds004146	MRIQC-23.0.1	sub-0274	ses-01	3	0	0	0	0
ds004146	MRIQC-23.0.1	sub-0274	ses-02	5	0	0	0	0
ds004146	MRIQC-23.0.1	sub-0275	ses-01	3	0	0	0	0
ds004146	MRIQC-23.0.1	sub-0276	ses-01	3	0	0	0	0
ds004146	MRIQC-23.0.1	sub-0276	ses-02	5	0	0	0	0
ds004146	MRIQC-23.0.1	sub-0277	ses-01	3	0	0	0	0
ds004146	MRIQC-23.0.1	sub-0277	ses-02	5	0	0	0	0
ds004146	MRIQC-23.0.1	sub-0278	ses-01	3	0	0	0	0
ds004146	MRIQC-23.0.1	sub-0279	ses-01	3	0	0	0	0
ds004146	MRIQC-23.0.1	sub-0279	ses-02	5	0	0	0	0
ds004146	MRIQC-23.0.1	sub-0280	ses-01	2	0	0	0	0
ds004146	MRIQC-23.0.1	sub-0280	ses-02	5	0	0	0	0
ds004146	MRIQC-23.0.1	sub-0281	ses-01	2	0	0	0	0
ds004146	MRIQC-23.0.1	sub-0282	ses-01	3	0	0	0	0
ds004146	MRIQC-23.0.1	sub-0282	ses-02	5	0	0	0	0
ds004146	MRIQC-23.0.1	sub-0283	ses-01	3	0	0	0	0
ds004146	MRIQC-23.0.1	sub-0284	ses-01	2	0	0	0	0
ds004146	MRIQC-23.0.1	sub-0284	ses-02	5	0	0	0	0
ds004146	MRIQC-23.0.1	sub-0286	ses-01	3	0	0	0	0
ds004146	MRIQC-23.0.1	sub-0287	ses-01	3	0	0	0	0
ds004146	MRIQC-23.0.1	sub-0288	ses-01	3	0	0	0	0
ds004146	MRIQC-23.0.1	sub-0288	ses-02	5	0	0	0	0
ds004146	MRIQC-23.0.1	sub-0289	ses-01	3	0	0	0	0
ds004146	MRIQC-23.0.1	sub-0289	ses-02	5	0	0	0	0
ds004146	MRIQC-23.0.1	sub-0290	ses-01	3	0	0	0	0
ds004146	MRIQC-23.0.1	sub-0290	ses-02	5	0	0	0	0
ds004146	MRIQC-23.0.1	sub-0291	ses-01	3	0	0	0	0
ds004146	MRIQC-23.0.1	sub-0292	ses-01	3	0	0	0	0
ds004146	MRIQC-23.0.1	sub-0292	ses-02	5	0	0	0	0
ds004146	MRIQC-23.0.1	sub-0293	ses-01	3	0	0	0	0
ds004146	MRIQC-23.0.1	sub-0293	ses-02	5	0	0	0	0
ds004146	MRIQC-23.0.1	sub-0294	ses-01	3	0	0	0	0
ds004146	MRIQC-23.0.1	sub-0295	ses-01	3	0	0	0	0
ds004146	MRIQC-23.0.1	sub-0295	ses-02	5	0	0	0	0
ds004146	MRIQC-23.0.1	sub-0296	ses-01	1	0	0	0	0
ds004146	MRIQC-23.0.1	sub-0297	ses-01	3	0	0	0	0
ds004146	MRIQC-23.0.1	sub-0297	ses-02	5	0	0	0	0
ds004146	MRIQC-23.0.1	sub-0298	ses-01	3	0	0	0	0
ds004146	MRIQC-23.0.1	sub-0298	ses-02	5	0	0	0	0
ds004146	MRIQC-23.0.1	sub-0299	ses-01	3	0	0	0	0
ds004146	MRIQC-23.0.1	sub-0299	ses-02	5	0	0	0	0
ds004146	MRIQC-23.0.1	sub-0300	ses-01	3	0	0	0	0
ds004146	MRIQC-23.0.1	sub-0300	ses-02	5	0	0	0	0
ds004146	MRIQC-23.0.1	sub-0301	ses-01	3	0	0	0	0
ds004146	MRIQC-23.0.1	sub-0301	ses-02	5	0	0	0	0
ds004146	MRIQC-23.0.1	sub-0302	ses-01	3	0	0	0	0
ds004146	MRIQC-23.0.1	sub-0302	ses-02	5	0	0	0	0
ds004146	MRIQC-23.0.1	sub-0303	ses-01	3	0	0	0	0
ds004146	MRIQC-23.0.1	sub-0303	ses-02	5	0	0	0	0
ds004146	MRIQC-23.0.1	sub-0304	ses-01	3	0	0	0	0
ds004146	MRIQC-23.0.1	sub-0304	ses-02	5	0	0	0	0
ds004146	MRIQC-23.0.1	sub-0305	ses-01	3	0	0	0	0
ds004146	MRIQC-23.0.1	sub-0306	ses-01	3	0	0	0	0
ds004146	MRIQC-23.0.1	sub-0306	ses-02	5	0	0	0	0
ds004146	MRIQC-23.0.1	sub-0307	ses-01	3	0	0	0	0
ds004146	MRIQC-23.0.1	sub-0308	ses-01	3	0	0	0	0
ds004146	MRIQC-23.0.1	sub-0309	ses-01	3	0	0	0	0
ds004146	MRIQC-23.0.1	sub-0310	ses-01	3	0	0	0	0
ds004146	MRIQC-23.0.1	sub-0310	ses-02	5	0	0	0	0
ds004146	MRIQC-23.0.1	sub-0311	ses-01	2	0	0	0	0
ds004146	MRIQC-23.0.1	sub-0311	ses-02	5	0	0	0	0
ds004146	MRIQC-23.0.1	sub-0312	ses-01	3	0	0	0	0
ds004146	MRIQC-23.0.1	sub-0312	ses-02	5	0	0	0	0
ds004146	MRIQC-23.0.1	sub-0313	ses-01	2	0	0	0	0
ds004146	MRIQC-23.0.1	sub-0313	ses-02	4	0	0	0	0
ds004146	MRIQC-23.0.1	sub-0314	ses-01	3	0	0	0	0
ds004146	MRIQC-23.0.1	sub-0314	ses-02	5	0	0	0	0
ds004146	MRIQC-23.0.1	sub-0315	ses-01	1	0	0	0	0
ds004146	MRIQC-23.0.1	sub-0315	ses-02	4	0	0	0	0
ds004146	MRIQC-23.0.1	sub-0316	ses-01	3	0	0	0	0
ds004146	MRIQC-23.0.1	sub-0317	ses-01	3	0	0	0	0
ds004146	MRIQC-23.0.1	sub-0317	ses-02	4	0	0	0	0
ds004146	MRIQC-23.0.1	sub-0318	ses-01	3	0	0	0	0
ds004146	MRIQC-23.0.1	sub-0318	ses-02	5	0	0	0	0
ds004146	MRIQC-23.0.1	sub-0319	ses-01	3	0	0	0	0
ds004146	MRIQC-23.0.1	sub-0320	ses-01	2	0	0	0	0
ds004146	MRIQC-23.0.1	sub-0320	ses-02	5	0	0	0	0
ds004146	MRIQC-23.0.1	sub-0321	ses-01	3	0	0	0	0
ds004146	MRIQC-23.0.1	sub-0321	ses-02	5	0	0	0	0
ds004146	MRIQC-23.0.1	sub-0322	ses-01	3	0	0	0	0
ds004146	MRIQC-23.0.1	sub-0322	ses-02	5	0	0	0	0
ds004146	MRIQC-23.0.1	sub-0323	ses-01	3	0	0	0	0
ds004146	MRIQC-23.0.1	sub-0323	ses-02	5	0	0	0	0
ds004146	MRIQC-23.0.1	sub-0324	ses-01	3	0	0	0	0
ds004146	MRIQC-23.0.1	sub-0325	ses-01	2	0	0	0	0
ds004146	MRIQC-23.0.1	sub-0325	ses-02	5	0	0	0	0
ds004146	MRIQC-23.0.1	sub-0326	ses-01	3	0	0	0	0
ds004146	MRIQC-23.0.1	sub-0326	ses-02	5	0	0	0	0
ds004146	MRIQC-23.0.1	sub-0327	ses-01	3	0	0	0	0
ds004146	MRIQC-23.0.1	sub-0327	ses-02	5	0	0	0	0
ds004146	MRIQC-23.0.1	sub-0328	ses-01	3	0	0	0	0
ds004146	MRIQC-23.0.1	sub-0328	ses-02	5	0	0	0	0
ds004146	MRIQC-23.0.1	sub-0329	ses-01	1	0	0	0	0
ds004146	MRIQC-23.0.1	sub-0329	ses-02	5	0	0	0	0
ds004146	MRIQC-23.0.1	sub-0330	ses-01	3	0	0	0	0
ds004146	MRIQC-23.0.1	sub-0330	ses-02	5	0	0	0	0
ds004146	MRIQC-23.0.1	sub-0331	ses-01	3	0	0	0	0
ds004146	MRIQC-23.0.1	sub-0331	ses-02	4	0	0	0	0
ds004146	MRIQC-23.0.1	sub-0332	ses-01	3	0	0	0	0
ds004146	MRIQC-23.0.1	sub-0332	ses-02	5	0	0	0	0
ds004146	MRIQC-23.0.1	sub-0333	ses-01	3	0	0	0	0
ds004146	MRIQC-23.0.1	sub-0333	ses-02	5	0	0	0	0
ds004146	MRIQC-23.0.1	sub-0334	ses-01	3	0	0	0	0
ds004146	MRIQC-23.0.1	sub-0334	ses-02	5	0	0	0	0
ds004146	MRIQC-23.0.1	sub-0335	ses-01	3	0	0	0	0
ds004146	MRIQC-23.0.1	sub-0335	ses-02	4	0	0	0	0
ds004146	MRIQC-23.0.1	sub-0336	ses-01	3	0	0	0	0
ds004146	MRIQC-23.0.1	sub-0336	ses-02	5	0	0	0	0
ds004146	MRIQC-23.0.1	sub-0337	ses-01	3	0	0	0	0
ds004146	MRIQC-23.0.1	sub-0337	ses-02	4	0	0	0	0
ds004146	MRIQC-23.0.1	sub-0338	ses-01	3	0	0	0	0
ds004146	MRIQC-23.0.1	sub-0338	ses-02	4	0	0	0	0
ds004146	MRIQC-23.0.1	sub-0339	ses-01	3	0	0	0	0
ds004146	MRIQC-23.0.1	sub-0339	ses-02	5	0	0	0	0
ds004146	MRIQC-23.0.1	sub-0340	ses-01	3	0	0	0	0
ds004146	MRIQC-23.0.1	sub-0340	ses-02	5	0	0	0	0
ds004146	MRIQC-23.0.1	sub-0341	ses-01	3	0	0	0	0
ds004146	MRIQC-23.0.1	sub-0342	ses-01	3	0	0	0	0
ds004146	MRIQC-23.0.1	sub-0342	ses-02	5	0	0	0	0
ds004146	MRIQC-23.0.1	sub-0343	ses-01	3	0	0	0	0
ds004146	MRIQC-23.0.1	sub-0343	ses-02	5	0	0	0	0
ds004146	MRIQC-23.0.1	sub-0344	ses-01	3	0	0	0	0
ds004146	MRIQC-23.0.1	sub-0344	ses-02	5	0	0	0	0
ds004146	MRIQC-23.0.1	sub-0345	ses-01	3	0	0	0	0
ds004146	MRIQC-23.0.1	sub-0345	ses-02	5	0	0	0	0
ds004146	MRIQC-23.0.1	sub-0346	ses-01	3	0	0	0	0
ds004146	MRIQC-23.0.1	sub-0346	ses-02	5	0	0	0	0
ds004146	MRIQC-23.0.1	sub-0347	ses-01	1	0	0	0	0
ds004146	MRIQC-23.0.1	sub-0348	ses-01	3	0	0	0	0
ds004146	MRIQC-23.0.1	sub-0349	ses-01	3	0	0	0	0
ds004146	MRIQC-23.0.1	sub-0350	ses-01	3	0	0	0	0
ds004146	MRIQC-23.0.1	sub-0350	ses-02	5	0	0	0	0
ds004146	MRIQC-23.0.1	sub-0351	ses-01	3	0	0	0	0
ds004146	MRIQC-23.0.1	sub-0352	ses-01	3	0	0	0	0
ds004146	MRIQC-23.0.1	sub-0353	ses-01	3	0	0	0	0
ds004146	MRIQC-23.0.1	sub-0353	ses-02	5	0	0	0	0
ds004146	MRIQC-23.0.1	sub-0354	ses-01	3	0	0	0	0
ds004146	MRIQC-23.0.1	sub-0354	ses-02	5	0	0	0	0
ds004146	MRIQC-23.0.1	sub-0355	ses-01	2	0	0	0	0
ds004146	MRIQC-23.0.1	sub-0356	ses-01	2	0	0	0	0
ds004146	MRIQC-23.0.1	sub-0356	ses-02	5	0	0	0	0
ds004146	MRIQC-23.0.1	sub-0357	ses-01	3	0	0	0	0
ds004146	MRIQC-23.0.1	sub-0357	ses-02	5	0	0	0	0
ds004146	MRIQC-23.0.1	sub-0358	ses-01	3	0	0	0	0
ds004146	MRIQC-23.0.1	sub-0358	ses-02	4	0	0	0	0
ds004146	MRIQC-23.0.1	sub-0359	ses-01	3	0	0	0	0
ds004146	MRIQC-23.0.1	sub-0359	ses-02	5	0	0	0	0
ds004146	MRIQC-23.0.1	sub-0360	ses-01	3	0	0	0	0
ds004146	MRIQC-23.0.1	sub-0360	ses-02	5	0	0	0	0
ds004146	MRIQC-23.0.1	sub-0361	ses-01	3	0	0	0	0
ds004146	MRIQC-23.0.1	sub-0361	ses-02	5	0	0	0	0
ds004146	MRIQC-23.0.1	sub-0362	ses-01	3	0	0	0	0
ds004146	MRIQC-23.0.1	sub-0362	ses-02	5	0	0	0	0
ds004146	MRIQC-23.0.1	sub-0363	ses-01	3	0	0	0	0
ds004146	MRIQC-23.0.1	sub-0363	ses-02	4	0	0	0	0
ds004146	MRIQC-23.0.1	sub-0364	ses-01	3	0	0	0	0
ds004146	MRIQC-23.0.1	sub-0364	ses-02	4	0	0	0	0
ds004146	MRIQC-23.0.1	sub-0365	ses-01	3	0	0	0	0
ds004146	MRIQC-23.0.1	sub-0365	ses-02	5	0	0	0	0
ds004146	MRIQC-23.0.1	sub-0366	ses-01	3	0	0	0	0
ds004146	MRIQC-23.0.1	sub-0366	ses-02	5	0	0	0	0
ds004146	MRIQC-23.0.1	sub-0367	ses-01	3	0	0	0	0
ds004146	MRIQC-23.0.1	sub-0368	ses-01	3	0	0	0	0
ds004146	MRIQC-23.0.1	sub-0368	ses-02	5	0	0	0	0
ds004146	MRIQC-23.0.1	sub-0369	ses-01	3	0	0	0	0
ds004146	MRIQC-23.0.1	sub-0369	ses-02	4	0	0	0	0
ds004146	MRIQC-23.0.1	sub-0370	ses-01	2	0	0	0	0
ds004146	MRIQC-23.0.1	sub-0371	ses-01	3	0	0	0	0
ds004146	MRIQC-23.0.1	sub-0371	ses-02	5	0	0	0	0
ds004146	MRIQC-23.0.1	sub-0372	ses-01	3	0	0	0	0
ds004146	MRIQC-23.0.1	sub-0372	ses-02	5	0	0	0	0
ds004146	MRIQC-23.0.1	sub-0373	ses-01	3	0	0	0	0
ds004146	MRIQC-23.0.1	sub-0374	ses-01	3	0	0	0	0
ds004146	MRIQC-23.0.1	sub-0374	ses-02	5	0	0	0	0
ds004146	MRIQC-23.0.1	sub-0375	ses-01	3	0	0	0	0
ds004146	MRIQC-23.0.1	sub-0375	ses-02	5	0	0	0	0
ds004146	MRIQC-23.0.1	sub-0376	ses-01	3	0	0	0	0
ds004146	MRIQC-23.0.1	sub-0376	ses-02	4	0	0	0	0
ds004146	MRIQC-23.0.1	sub-0377	ses-01	3	0	0	0	0
ds004146	MRIQC-23.0.1	sub-0377	ses-02	5	0	0	0	0
ds004146	MRIQC-23.0.1	sub-0378	ses-01	3	0	0	0	0
ds004146	MRIQC-23.0.1	sub-0378	ses-02	5	0	0	0	0
ds004146	MRIQC-23.0.1	sub-0379	ses-01	3	0	0	0	0
ds004146	MRIQC-23.0.1	sub-0380	ses-01	3	0	0	0	0
ds004146	MRIQC-23.0.1	sub-0380	ses-02	5	0	0	0	0
ds004146	MRIQC-23.0.1	sub-0381	ses-01	3	0	0	0	0
ds004146	MRIQC-23.0.1	sub-0381	ses-02	5	0	0	0	0
ds004146	MRIQC-23.0.1	sub-0382	ses-01	3	0	0	0	0
ds004146	MRIQC-23.0.1	sub-0382	ses-02	5	0	0	0	0
ds004146	MRIQC-23.0.1	sub-0383	ses-01	3	0	0	0	0
ds004146	MRIQC-23.0.1	sub-0384	ses-01	3	0	0	0	0
ds004146	MRIQC-23.0.1	sub-0384	ses-02	5	0	0	0	0
ds004146	MRIQC-23.0.1	sub-0385	ses-01	2	0	0	0	0
ds004146	MRIQC-23.0.1	sub-0385	ses-02	5	0	0	0	0
ds004146	MRIQC-23.0.1	sub-0386	ses-01	3	0	0	0	0
ds004146	MRIQC-23.0.1	sub-0387	ses-01	3	0	0	0	0
ds004146	MRIQC-23.0.1	sub-0387	ses-02	4	0	0	0	0
ds004146	MRIQC-23.0.1	sub-0388	ses-01	3	0	0	0	0
ds004146	MRIQC-23.0.1	sub-0388	ses-02	4	0	0	0	0
ds004146	MRIQC-23.0.1	sub-0389	ses-01	2	0	0	0	0
ds004146	MRIQC-23.0.1	sub-0389	ses-02	5	0	0	0	0
ds004146	MRIQC-23.0.1	sub-0390	ses-01	3	0	0	0	0
ds004146	MRIQC-23.0.1	sub-0390	ses-02	5	0	0	0	0
ds004146	MRIQC-23.0.1	sub-0391	ses-01	3	0	0	0	0
ds004146	MRIQC-23.0.1	sub-0392	ses-01	3	0	0	0	0
ds004146	MRIQC-23.0.1	sub-0392	ses-02	5	0	0	0	0
ds004146	MRIQC-23.0.1	sub-0393	ses-01	3	0	0	0	0
ds004146	MRIQC-23.0.1	sub-0394	ses-01	3	0	0	0	0
ds004146	MRIQC-23.0.1	sub-0394	ses-02	4	0	0	0	0
ds004146	MRIQC-23.0.1	sub-0395	ses-01	3	0	0	0	0
ds004146	MRIQC-23.0.1	sub-0395	ses-02	5	0	0	0	0
ds004146	MRIQC-23.0.1	sub-0396	ses-01	3	0	0	0	0
ds004146	MRIQC-23.0.1	sub-0396	ses-02	5	0	0	0	0
ds004146	MRIQC-23.0.1	sub-0397	ses-01	3	0	0	0	0
ds004146	MRIQC-23.0.1	sub-0397	ses-02	5	0	0	0	0
ds004146	MRIQC-23.0.1	sub-0398	ses-01	3	0	0	0	0
ds004146	MRIQC-23.0.1	sub-0399	ses-01	3	0	0	0	0
ds004146	MRIQC-23.0.1	sub-0400	ses-01	3	0	0	0	0
ds004146	MRIQC-23.0.1	sub-0400	ses-02	5	0	0	0	0
ds004146	MRIQC-23.0.1	sub-0401	ses-01	2	0	0	0	0
ds004146	MRIQC-23.0.1	sub-0401	ses-02	4	0	0	0	0
ds004146	MRIQC-23.0.1	sub-0402	ses-01	3	0	0	0	0
ds004146	MRIQC-23.0.1	sub-0402	ses-02	5	0	0	0	0
ds004146	MRIQC-23.0.1	sub-0403	ses-01	3	0	0	0	0
ds004146	MRIQC-23.0.1	sub-0403	ses-02	5	0	0	0	0
ds004146	MRIQC-23.0.1	sub-0404	ses-01	3	0	0	0	0
ds004146	MRIQC-23.0.1	sub-0404	ses-02	5	0	0	0	0
ds004146	MRIQC-23.0.1	sub-0405	ses-01	3	0	0	0	0
ds004146	MRIQC-23.0.1	sub-0405	ses-02	5	0	0	0	0
ds004146	MRIQC-23.0.1	sub-0406	ses-01	3	0	0	0	0
ds004146	MRIQC-23.0.1	sub-0407	ses-01	3	0	0	0	0
ds004146	MRIQC-23.0.1	sub-0408	ses-01	3	0	0	0	0
ds004146	MRIQC-23.0.1	sub-0408	ses-02	5	0	0	0	0
ds004146	MRIQC-23.0.1	sub-0409	ses-01	3	0	0	0	0
ds004146	MRIQC-23.0.1	sub-0409	ses-02	5	0	0	0	0
ds004146	MRIQC-23.0.1	sub-0410	ses-01	3	0	0	0	0
ds004146	MRIQC-23.0.1	sub-0410	ses-02	5	0	0	0	0
ds004146	MRIQC-23.0.1	sub-0411	ses-01	3	0	0	0	0
ds004146	MRIQC-23.0.1	sub-0411	ses-02	5	0	0	0	0
ds004146	MRIQC-23.0.1	sub-0412	ses-01	3	0	0	0	0
ds004146	MRIQC-23.0.1	sub-0412	ses-02	5	0	0	0	0
ds004146	MRIQC-23.0.1	sub-0413	ses-01	3	0	0	0	0
ds004146	MRIQC-23.0.1	sub-0413	ses-02	5	0	0	0	0
ds004146	MRIQC-23.0.1	sub-0414	ses-01	3	0	0	0	0
ds004146	MRIQC-23.0.1	sub-0415	ses-01	3	0	0	0	0
ds004146	MRIQC-23.0.1	sub-0415	ses-02	5	0	0	0	0
ds004146	MRIQC-23.0.1	sub-0416	ses-01	3	0	0	0	0
ds004146	MRIQC-23.0.1	sub-0417	ses-01	3	0	0	0	0
ds004146	MRIQC-23.0.1	sub-0417	ses-02	5	0	0	0	0
ds004146	MRIQC-23.0.1	sub-0418	ses-01	1	0	0	0	0
ds004146	MRIQC-23.0.1	sub-0418	ses-02	5	0	0	0	0
ds004146	MRIQC-23.0.1	sub-0419	ses-01	3	0	0	0	0
ds004146	MRIQC-23.0.1	sub-0419	ses-02	5	0	0	0	0
ds004146	MRIQC-23.0.1	sub-0420	ses-01	2	0	0	0	0
ds004146	MRIQC-23.0.1	sub-0420	ses-02	5	0	0	0	0
ds004146	MRIQC-23.0.1	sub-0421	ses-01	3	0	0	0	0
ds004146	MRIQC-23.0.1	sub-0421	ses-02	5	0	0	0	0
ds004146	MRIQC-23.0.1	sub-0422	ses-01	3	0	0	0	0
ds004146	MRIQC-23.0.1	sub-0422	ses-02	5	0	0	0	0
